destino,RP,MR,HF,HES,NH
Atacames,8.38,8.7,3.204301075268817,3.0166977778801405,0.38784784177726084
Ayampe,8.407547169811322,8.7,3.5439469320066337,3.0402090529595527,0.6850655509685424
General Villamil,8.526923076923076,8.75,3.2442922374429224,3.050864478243529,0.5807733867344219
Manta,7.78,8.5,3.235294117647059,2.9814953636112302,0.020348360101360947
Montañita,8.323684210526316,8.55,3.516867469879518,3.052185255205674,0.5991344743223832
Puerto López,8.422222222222222,8.8,3.6612377850162865,3.071216137663506,0.9031124497991967
Salinas,8.72857142857143,8.8,3.4971264367816093,3.068795568466621,0.8855086107245224
