destino,CH,NH,RCP,Score_Final
Ayampe,0.824246601830674,0.574705262307517,0.4179805587097115,0.585706331166467
Salinas,0.29917128999311926,0.8898512146491109,0.7446385832132196,0.535551597034625
Puerto López,0.3027239687510661,0.9031124497991967,0.4379897646503553,0.4796212753702565
Montañita,0.5044215869623297,0.4357056111051945,0.4286583991997224,0.4182119979564347
General Villamil,0.3457629752383885,0.4999545099130364,0.40873946337719214,0.3700394357447047
Manta,0.620757055682685,0.03874158380339311,0.28354775121479786,0.3166348476570515
Atacames,0.337280588390346,0.31578482670617636,0.034198946850365654,0.23648747273806445
